conductivity,coords,dT_dt,density,object,object_id,temperature,viscosity,zminus_index,zplus_index
0.0,0.0,0.0,0.0,boundary,C497,2000.0,0.0,500,1
0.0,20.0,0.0,0.0,boundary,C498,2000.0,0.0,0,2
80.0,40.0,-1.893055741675198e-06,0.0,0.1,B0,2000.8619199524271,0.0,1,3
80.0,60.0,-3.6373210605233906e-06,0.0,0.1,B1,2001.7238308115516,0.0,2,4
80.0,80.0,-5.678895195160294e-06,0.0,0.1,B2,2002.5857227407987,0.0,3,5
80.0,100.0,-7.274191057149438e-06,0.0,0.1,B3,2003.4475873912656,0.0,4,6
80.0,120.0,-9.463918468100019e-06,0.0,0.1,B4,2004.3094141846982,0.0,5,7
80.0,140.0,-1.0910158744081853e-05,0.0,0.1,B5,2005.1711955172564,0.0,6,8
80.0,160.0,-1.3247581546238508e-05,0.0,0.1,B6,2006.0329200710644,0.0,7,9
80.0,180.0,-1.4544772966473829e-05,0.0,0.1,B7,2006.8945809875433,0.0,8,10
80.0,200.0,-1.7029340551744098e-05,0.0,0.1,B8,2007.7561662117168,0.0,9,11
80.0,220.0,-1.817758234210487e-05,0.0,0.1,B9,2008.6176696300022,0.0,10,12
80.0,240.0,-2.08086515613104e-05,0.0,0.1,B10,2009.4790784533075,0.0,11,13
80.0,260.0,-2.180813571612816e-05,0.0,0.1,B11,2010.3403873123173,0.0,12,14
80.0,280.0,-2.4584970697105748e-05,0.0,0.1,B12,2011.2015826872716,0.0,13,15
80.0,300.0,-2.5435981569899013e-05,0.0,0.1,B13,2012.0626599519326,0.0,14,16
80.0,320.0,-2.8357754399621626e-05,0.0,0.1,B14,2012.9236048597809,0.0,15,17
80.0,340.0,-2.9060668111924315e-05,0.0,0.1,B15,2013.784413526005,0.0,16,18
80.0,360.0,-3.212645942767267e-05,0.0,0.1,B16,2014.6450709816945,0.0,17,19
80.0,380.0,-3.268174368713517e-05,0.0,0.1,B17,2015.5055740813546,0.0,18,20
80.0,400.0,-3.589054272197245e-05,0.0,0.1,B18,2016.365907138509,0.0,19,21
80.0,420.0,-3.629875591286691e-05,0.0,0.1,B19,2017.2260677444149,0.0,20,22
80.0,440.0,-3.9649461405133474e-05,0.0,0.1,B20,2018.0860395003103,0.0,21,23
80.0,460.0,-3.991125272477802e-05,0.0,0.1,B21,2018.945820731184,0.0,22,24
80.0,480.0,-4.340267305451562e-05,0.0,0.1,B22,2019.8053943317216,0.0,23,25
80.0,500.0,-4.3518781421880706e-05,0.0,0.1,B23,2020.6647593571738,0.0,24,26
80.0,520.0,-4.71496353384282e-05,0.0,0.1,B24,2021.523898001855,0.0,25,27
80.0,540.0,-4.712088962151029e-05,0.0,0.1,B25,2022.3828100473586,0.0,26,28
80.0,560.0,-5.088980642540264e-05,0.0,0.1,B26,2023.241476994258,0.0,27,29
80.0,580.0,-5.071712389508321e-05,0.0,0.1,B27,2024.0998993461235,0.0,28,30
80.0,600.0,-5.462264516609139e-05,0.0,0.1,B28,2024.9580579168598,0.0,29,31
80.0,620.0,-5.430703081401588e-05,0.0,0.1,B29,2025.8159539272096,0.0,30,32
80.0,640.0,-5.83476106839953e-05,0.0,0.1,B30,2026.6735675119196,0.0,31,33
80.0,660.0,-5.789015690425004e-05,0.0,0.1,B31,2027.5309006036605,0.0,32,34
80.0,680.0,-6.206416237546364e-05,0.0,0.1,B32,2028.3879326659685,0.0,33,35
80.0,700.0,-6.146604810055578e-05,0.0,0.1,B33,2029.244666337764,0.0,34,36
80.0,720.0,-6.577176054634037e-05,0.0,0.1,B34,2030.1010804197524,0.0,35,37
80.0,740.0,-6.50342501103296e-05,0.0,0.1,B35,2030.9571782509952,0.0,36,38
80.0,760.0,-6.946986586626735e-05,0.0,0.1,B36,2031.812937978172,0.0,37,39
80.0,780.0,-6.859430809527111e-05,0.0,0.1,B37,2032.668363633953,0.0,38,40
80.0,800.0,-7.315793991438113e-05,0.0,0.1,B38,2033.52343272022,0.0,39,41
80.0,820.0,-7.214576721708e-05,0.0,0.1,B39,2034.3781499562983,0.0,40,42
80.0,840.0,-7.68354445881414e-05,0.0,0.1,B40,2035.2324922089156,0.0,41,43
80.0,860.0,-7.568817213723377e-05,0.0,0.1,B41,2036.0864648766847,0.0,42,44
80.0,880.0,-8.05018427399773e-05,0.0,0.1,B42,2036.9400442012352,0.0,43,45
80.0,900.0,-7.922106710793742e-05,0.0,0.1,B43,2037.7932362526876,0.0,44,46
80.0,920.0,-8.415659804086318e-05,0.0,0.1,B44,2038.646016658038,0.0,45,47
80.0,940.0,-8.274399601759796e-05,0.0,0.1,B45,2039.4983921507305,0.0,46,48
80.0,960.0,-8.779917502579337e-05,0.0,0.1,B46,2040.3503377539905,0.0,47,49
80.0,980.0,-8.625650257272356e-05,0.0,0.1,B47,2041.201860856004,0.0,48,50
80.0,1000.0,-9.142903900283272e-05,0.0,0.1,B48,2042.0529358874826,0.0,49,51
80.0,1020.0,-8.975813007054966e-05,0.0,0.1,B49,2042.9035708823794,0.0,50,52
80.0,1040.0,-9.504565646238916e-05,0.0,0.1,B50,2043.7537396905377,0.0,51,53
80.0,1060.0,-9.324842135356449e-05,0.0,0.1,B51,2044.603450982317,0.0,52,54
80.0,1080.0,-9.864849475889059e-05,0.0,0.1,B52,2045.4526780387187,0.0,53,55
80.0,1100.0,-9.672691917330666e-05,0.0,0.1,B53,2046.3014301567691,0.0,54,56
80.0,1120.0,-0.00010223702242910803,0.0,0.1,B54,2047.1496800610262,0.0,55,57
80.0,1140.0,-0.00010019316605394124,0.0,0.1,B55,2047.9974376650705,0.0,56,58
80.0,1160.0,-0.00010581070882835775,0.0,0.1,B56,2048.844675149787,0.0,57,59
80.0,1180.0,-0.00010364670406488586,0.0,0.1,B57,2049.691403034827,0.0,58,60
80.0,1200.0,-0.00010936902535831904,0.0,0.1,B58,2050.5375929705324,0.0,59,61
80.0,1220.0,-0.00010708707486628555,0.0,0.1,B59,2051.3832560717906,0.0,60,62
80.0,1240.0,-0.00011291144382994388,0.0,0.1,B60,2052.2283634718756,0.0,61,63
80.0,1260.0,-0.00011051382061850745,0.0,0.1,B61,2053.072926869722,0.0,62,64
80.0,1280.0,-0.00011643743782769888,0.0,0.1,B62,2053.916916895364,0.0,63,65
80.0,1300.0,-0.00011392648266337347,0.0,0.1,B63,2054.760345820248,0.0,64,66
80.0,1320.0,-0.00011994648239124218,0.0,0.1,B64,2055.6031837853316,0.0,65,67
80.0,1340.0,-0.00011732460243365495,0.0,0.1,B65,2056.445443622702,0.0,66,68
80.0,1360.0,-0.00012343805419732235,0.0,0.1,B66,2057.287094998731,0.0,67,69
80.0,1380.0,-0.00012070772108927485,0.0,0.1,B67,2058.1281512939513,0.0,68,70
80.0,1400.0,-0.000126911631468829,0.0,0.1,B68,2058.9685817149575,0.0,69,71
80.0,1420.0,-0.00012407538006300455,0.0,0.1,B69,2059.808400178211,0.0,70,72
80.0,1440.0,-0.00013036669379289377,0.0,0.1,B70,2060.6475754456515,0.0,71,73
80.0,1460.0,-0.000127427120514767,0.0,0.1,B71,2061.48612195684,0.0,72,74
80.0,1480.0,-0.00013380272321228404,0.0,0.1,B72,2062.324008044486,0.0,73,75
80.0,1500.0,-0.00013076248387733358,0.0,0.1,B73,2063.1612486581216,0.0,74,76
80.0,1520.0,-0.00013721920286116073,0.0,0.1,B74,2063.997811716941,0.0,75,77
80.0,1540.0,-0.00013408101140157668,0.0,0.1,B75,2064.833712667023,0.0,76,78
80.0,1560.0,-0.0001406156185112195,0.0,0.1,B76,2065.6689190300517,0.0,77,79
80.0,1580.0,-0.000137382245156914,0.0,0.1,B77,2066.5034467349387,0.0,78,80
80.0,1600.0,-0.000143991457298398,0.0,0.1,B78,2067.3372629221362,0.0,79,81
80.0,1620.0,-0.0001406657264851674,0.0,0.1,B79,2068.1703839894044,0.0,80,82
80.0,1640.0,-0.00014734620963281487,0.0,0.1,B80,2069.0027767125057,0.0,81,83
80.0,1660.0,-0.000143930997546704,0.0,0.1,B81,2069.8344579437967,0.0,82,84
80.0,1680.0,-0.00015067936701598227,0.0,0.1,B82,2070.6653941111463,0.0,83,85
80.0,1700.0,-0.0001471776010475878,0.0,0.1,B83,2071.4956025069987,0.0,84,86
80.0,1720.0,-0.00015399042413264397,0.0,0.1,B84,2072.325049228374,0.0,85,87
80.0,1740.0,-0.00015040507960293326,0.0,0.1,B85,2073.153751993047,0.0,86,88
80.0,1760.0,-0.0001572788778503309,0.0,0.1,B86,2073.9816765844657,0.0,87,89
80.0,1780.0,-0.00015361297664640006,0.0,0.1,B87,2074.8088411307435,0.0,88,90
80.0,1800.0,-0.00016054422758315923,0.0,0.1,B88,2075.6352111192577,0.0,89,91
80.0,1820.0,-0.00015680083652114263,0.0,0.1,B89,2076.460805073239,0.0,90,92
80.0,1840.0,-0.00016378597538277973,0.0,0.1,B90,2077.285588201713,0.0,91,93
80.0,1860.0,-0.00015996820366126485,0.0,0.1,B91,2078.1095794075864,0.0,92,94
80.0,1880.0,-0.00016700362666597358,0.0,0.1,B92,2078.9327436394547,0.0,93,95
80.0,1900.0,-0.00016311462350131477,0.0,0.1,B93,2079.755100164255,0.0,94,96
80.0,1920.0,-0.00017019668903230922,0.0,0.1,B94,2080.576613688266,0.0,95,97
80.0,1940.0,-0.00016623964256723411,0.0,0.1,B95,2081.397303826612,0.0,96,98
80.0,1960.0,-0.00017336467353743502,0.0,0.1,B96,2082.2171350615517,0.0,97,99
80.0,1980.0,-0.0001693428082035098,0.0,0.1,B97,2083.036127340364,0.0,98,100
80.0,2000.0,-0.0001765070944202307,0.0,0.1,B98,2083.8542449397573,0.0,99,101
80.0,2020.0,-0.0001724236689369718,0.0,0.1,B99,2084.6715081229568,0.0,100,102
80.0,2040.0,-0.00017962346901185812,0.0,0.1,B100,2085.4878809797483,0.0,101,103
80.0,2060.0,-0.00017548177420394497,0.0,0.1,B101,2086.3033840729317,0.0,102,104
80.0,2080.0,-0.0001827133184633567,0.0,0.1,B102,2087.1179813241465,0.0,103,105
80.0,2100.0,-0.0001785166750778444,0.0,0.1,B103,2087.931693579238,0.0,104,106
80.0,2120.0,-0.00018577616710899748,0.0,0.1,B104,2088.7444846106155,0.0,105,107
80.0,2140.0,-0.00018152792390537797,0.0,0.1,B105,2089.5563755304956,0.0,106,108
80.0,2160.0,-0.00018881154273913127,0.0,0.1,B106,2090.367329981101,0.0,107,109
80.0,2180.0,-0.00018451507494319228,0.0,0.1,B107,2091.17736932421,0.0,108,110
80.0,2200.0,-0.00019181897760063292,0.0,0.1,B108,2091.9864570910177,0.0,109,111
80.0,2220.0,-0.00018747768317552984,0.0,0.1,B109,2092.7946148759297,0.0,110,112
80.0,2240.0,-0.00019479800803310352,0.0,0.1,B110,2093.601806118378,0.0,111,113
80.0,2260.0,-0.00019041530567847075,0.0,0.1,B111,2094.408052628354,0.0,112,114
80.0,2280.0,-0.00019774817419602187,0.0,0.1,B112,2095.2133177728747,0.0,113,115
80.0,2300.0,-0.00019332750198373106,0.0,0.1,B113,2096.017623560376,0.0,114,116
80.0,2320.0,-0.0002006690201596939,0.0,0.1,B114,2096.8209333048912,0.0,115,117
80.0,2340.0,-0.00019621383280536974,0.0,0.1,B115,2097.6232691960695,0.0,116,118
80.0,2360.0,-0.00020356009526949494,0.0,0.1,B116,2098.4245945144594,0.0,117,119
80.0,2380.0,-0.0001990738618587784,0.0,0.1,B117,2099.224931613613,0.0,118,120
80.0,2400.0,-0.00020642095205403166,0.0,0.1,B118,2100.024243760148,0.0,119,121
80.0,2420.0,-0.0002019071549511864,0.0,0.1,B119,2100.8225534541407,0.0,120,122
80.0,2440.0,-0.00020925114904457587,0.0,0.1,B120,2101.6198239678806,0.0,121,123
80.0,2460.0,-0.00020471328007261037,0.0,0.1,B121,2102.4160779305334,0.0,122,124
80.0,2480.0,-0.00021205024868322652,0.0,0.1,B122,2103.211278639692,0.0,123,125
80.0,2500.0,-0.00020749180803250055,0.0,0.1,B123,2104.0054488361297,0.0,124,126
80.0,2520.0,-0.00021481781886905081,0.0,0.1,B124,2104.798551862399,0.0,125,127
80.0,2540.0,-0.00021024231227784185,0.0,0.1,B125,2105.5906105533672,0.0,126,128
80.0,2560.0,-0.00021755343295808417,0.0,0.1,B126,2106.381588316206,0.0,127,129
80.0,2580.0,-0.0002129643688931537,0.0,0.1,B127,2107.1715080623417,0.0,128,130
80.0,2600.0,-0.0002202566689447849,0.0,0.1,B128,2107.960333283223,0.0,129,131
80.0,2620.0,-0.00021565755741903558,0.0,0.1,B129,2108.7480869492883,0.0,130,132
80.0,2640.0,-0.00022292711055342805,0.0,0.1,B130,2109.534732655905,0.0,131,133
80.0,2660.0,-0.00021832146067026772,0.0,0.1,B131,2110.3202934149763,0.0,132,134
80.0,2680.0,-0.00022556434687430736,0.0,0.1,B132,2111.104732945404,0.0,133,135
80.0,2700.0,-0.0002209556644629629,0.0,0.1,B133,2111.888074283019,0.0,134,136
80.0,2720.0,-0.00022816797318228057,0.0,0.1,B134,2112.670281289834,0.0,135,137
80.0,2740.0,-0.00022355975834216222,0.0,0.1,B135,2113.4513770080916,0.0,136,138
80.0,2760.0,-0.00023073759048202193,0.0,0.1,B136,2114.2313254624405,0.0,137,139
80.0,2780.0,-0.00022613333494518885,0.0,0.1,B137,2115.0101496840557,0.0,138,140
80.0,2800.0,-0.00023327280614466873,0.0,0.1,B138,2115.7878138796796,0.0,139,141
80.0,2820.0,-0.0002286759916387382,0.0,0.1,B139,2116.564341051987,0.0,140,142
80.0,2840.0,-0.00023577323308927587,0.0,0.1,B140,2117.3396956091965,0.0,141,143
80.0,2860.0,-0.00023118732915463624,0.0,0.1,B141,2118.1139005081036,0.0,142,144
80.0,2880.0,-0.00023823849123800754,0.0,0.1,B142,2118.8869203777003,0.0,143,145
80.0,2900.0,-0.00023366695295408136,0.0,0.1,B143,2119.6587781115913,0.0,144,146
80.0,2920.0,-0.00024066820651569287,0.0,0.1,B144,2120.429438578738,0.0,145,147
80.0,2940.0,-0.00023611447250004858,0.0,0.1,B145,2121.1989245923214,0.0,146,148
80.0,2960.0,-0.00024306201175932073,0.0,0.1,B146,2121.967201280359,0.0,147,149
80.0,2980.0,-0.00023852950198488543,0.0,0.1,B147,2122.7342913584603,0.0,148,150
80.0,3000.0,-0.0002454195468999387,0.0,0.1,B148,2123.5001602326647,0.0,149,151
80.0,3020.0,-0.00024091165996651399,0.0,0.1,B149,2124.2648305039647,0.0,150,152
80.0,3040.0,-0.00024774045878075415,0.0,0.1,B150,2125.02826787525,0.0,151,153
80.0,3060.0,-0.00024326056964127927,0.0,0.1,B151,2125.790494815962,0.0,152,154
80.0,3080.0,-0.00025002440179378027,0.0,0.1,B152,2126.551477344522,0.0,153,155
80.0,3100.0,-0.00024557585993534303,0.0,0.1,B153,2127.311237782008,0.0,154,156
80.0,3120.0,-0.00025227103651559446,0.0,0.1,B154,2128.0697424808986,0.0,155,157
80.0,3140.0,-0.00024785716486803723,0.0,0.1,B155,2128.827013597227,0.0,156,158
80.0,3160.0,-0.00025448003198107476,0.0,0.1,B156,2129.583017835884,0.0,157,159
80.0,3180.0,-0.0002501041237337631,0.0,0.1,B157,2130.33777717132,0.0,158,160
80.0,3200.0,-0.00025665106459200616,0.0,0.1,B158,2131.091258679014,0.0,159,161
80.0,3220.0,-0.00025231638110199126,0.0,0.1,B159,2131.8434841354465,0.0,160,162
80.0,3240.0,-0.00025878381875372726,0.0,0.1,B160,2132.59442100467,0.0,161,163
80.0,3260.0,-0.00025449358709010993,0.0,0.1,B161,2133.3440908489733,0.0,162,164
80.0,3280.0,-0.00026087798687512986,0.0,0.1,B162,2134.0924615387626,0.0,163,165
80.0,3300.0,-0.00025663539863671756,0.0,0.1,B163,2134.8395544060877,0.0,164,166
80.0,3320.0,-0.0002629332690048614,0.0,0.1,B164,2135.5853377452727,0.0,165,167
80.0,3340.0,-0.000258741477773583,0.0,0.1,B165,2136.329832642267,0.0,166,168
80.0,3360.0,-0.0002649493741046172,0.0,0.1,B166,2137.0730078326533,0.0,167,169
80.0,3380.0,-0.0002608114932627359,0.0,0.1,B167,2137.814884140612,0.0,168,170
80.0,3400.0,-0.0002669260191396461,0.0,0.1,B168,2138.555430760088,0.0,169,171
80.0,3420.0,-0.00026284512041456763,0.0,0.1,B169,2139.2946682380293,0.0,170,172
80.0,3440.0,-0.00026886292926064925,0.0,0.1,B170,2140.0325662436,0.0,171,173
80.0,3460.0,-0.0002648420414516295,0.0,0.1,B171,2140.769145031266,0.0,172,174
80.0,3480.0,-0.0002707598385313758,0.0,0.1,B172,2141.504374762012,0.0,173,175
80.0,3500.0,-0.0002668019449629355,0.0,0.1,B173,2142.2382753827924,0.0,174,176
80.0,3520.0,-0.0002726164901105221,0.0,0.1,B174,2142.970817562751,0.0,175,177
80.0,3540.0,-0.0002687245265406091,0.0,0.1,B175,2143.702020926531,0.0,176,178
80.0,3560.0,-0.0002744326360698324,0.0,0.1,B176,2144.4318566674956,0.0,177,179
80.0,3580.0,-0.00027060948859798374,0.0,0.1,B177,2145.1603440734225,0.0,178,180
80.0,3600.0,-0.0002762080378488463,0.0,0.1,B178,2145.887454877664,0.0,179,181
80.0,3620.0,-0.0002724565410062496,0.0,0.1,B179,2146.613208016832,0.0,180,182
80.0,3640.0,-0.00027794246607300006,0.0,0.1,B180,2147.3375757797403,0.0,181,183
80.0,3660.0,-0.0002742654013673018,0.0,0.1,B181,2148.060576737792,0.0,182,184
80.0,3680.0,-0.0002796357000079297,0.0,0.1,B182,2148.782183750429,0.0,183,185
80.0,3700.0,-0.00027603579501374044,0.0,0.1,B183,2149.5024150100753,0.0,184,186
80.0,3720.0,-0.0002812875291965611,0.0,0.1,B184,2150.221243961648,0.0,185,187
80.0,3740.0,-0.00027776745473602206,0.0,0.1,B185,2150.9386884050964,0.0,186,188
80.0,3760.0,-0.00028289775264056516,0.0,0.1,B186,2151.6547223853404,0.0,187,189
80.0,3780.0,-0.00027946012141910614,0.0,0.1,B187,2152.369363296644,0.0,188,190
80.0,3800.0,-0.0002844661788913072,0.0,0.1,B188,2153.082585798119,0.0,189,191
80.0,3820.0,-0.0002811135441334045,0.0,0.1,B189,2153.7944068654297,0.0,190,192
80.0,3840.0,-0.00028599262668649317,0.0,0.1,B190,2154.504801785727,0.0,191,193
80.0,3860.0,-0.00028272748004383176,0.0,0.1,B191,2155.2137871034633,0.0,192,194
80.0,3880.0,-0.0002874769248592202,0.0,0.1,B192,2155.921338747321,0.0,193,195
80.0,3900.0,-0.0002843016949555022,0.0,0.1,B193,2156.627472818241,0.0,194,196
80.0,3920.0,-0.0002889189117013302,0.0,0.1,B194,2157.33216589957,0.0,195,197
80.0,3940.0,-0.00028583596322278025,0.0,0.1,B195,2158.035433636753,0.0,196,198
80.0,3960.0,-0.0002903184363276523,0.0,0.1,B196,2158.7372532805666,0.0,197,199
80.0,3980.0,-0.00028733006820402807,0.0,0.1,B197,2159.437640009301,0.0,198,200
80.0,4000.0,-0.0002916753579484066,0.0,0.1,B198,2160.13657175355,0.0,199,201
80.0,4020.0,-0.00028878380107926204,0.0,0.1,B199,2160.834063213126,0.0,200,202
80.0,4040.0,-0.00029298954668774966,0.0,0.1,B200,2161.53009301044,0.0,201,203
80.0,4060.0,-0.0002901969635786372,0.0,0.1,B201,2162.2246753558425,0.0,202,204
80.0,4080.0,-0.0002942608818557346,0.0,0.1,B202,2162.9177895751736,0.0,203,205
80.0,4100.0,-0.00029156936579965986,0.0,0.1,B203,2163.6094493786813,0.0,204,206
80.0,4120.0,-0.00029548925485869406,0.0,0.1,B204,2164.2996348068473,0.0,205,207
80.0,4140.0,-0.0002929008271166822,0.0,0.1,B205,2164.988359059531,0.0,206,208
80.0,4160.0,-0.0002966745668345538,0.0,0.1,B206,2165.67560290266,0.0,207,209
80.0,4180.0,-0.0002941911763628014,0.0,0.1,B207,2166.361379015781,0.0,208,210
80.0,4200.0,-0.00029781673065372156,0.0,0.1,B208,2167.0456689006583,0.0,209,211
80.0,4220.0,-0.0002954402518298593,0.0,0.1,B209,2167.7284847069645,0.0,210,212
80.0,4240.0,-0.0002989156690091477,0.0,0.1,B210,2168.409808682272,0.0,211,213
80.0,4260.0,-0.0002966479019050894,0.0,0.1,B211,2169.0896524371947,0.0,212,214
80.0,4280.0,-0.0002999713158715167,0.0,0.1,B212,2169.7679989746557,0.0,213,215
80.0,4300.0,-0.0002978139847982675,0.0,0.1,B213,2170.4448593573998,0.0,214,216
80.0,4320.0,-0.0003009836164892477,0.0,0.1,B214,2171.1202173528127,0.0,215,217
80.0,4340.0,-0.0002989383679050661,0.0,0.1,B215,2171.7940834673445,0.0,216,218
80.0,4360.0,-0.00030195252693374644,0.0,0.1,B216,2172.466442241517,0.0,217,219
80.0,4380.0,-0.0003000209297169931,0.0,0.1,B217,2173.137303617446,0.0,218,220
80.0,4400.0,-0.00030287801400845636,0.0,0.1,B218,2173.8066529170223,0.0,219,221
80.0,4420.0,-0.0003010615580933518,0.0,0.1,B219,2174.4744995103792,0.0,220,222
80.0,4440.0,-0.00030376005643120154,0.0,0.1,B220,2175.1408295085603,0.0,221,223
80.0,4460.0,-0.0003020601511707355,0.0,0.1,B221,2175.805651702468,0.0,222,224
80.0,4480.0,-0.00030459864392469167,0.0,0.1,B222,2176.4689529996244,0.0,223,225
80.0,4500.0,-0.0003030166176358762,0.0,0.1,B223,2177.1307416048594,0.0,224,226
80.0,4520.0,-0.00030539377703462376,0.0,0.1,B224,2177.7910052290417,0.0,225,227
80.0,4540.0,-0.0003039308765437454,0.0,0.1,B225,2178.4497514844884,0.0,226,228
80.0,4560.0,-0.00030614546803917617,0.0,0.1,B226,2179.1069688918224,0.0,227,229
80.0,4580.0,-0.00030480285740850375,0.0,0.1,B227,2179.7626644648217,0.0,228,230
80.0,4600.0,-0.0003068537403123628,0.0,0.1,B228,2180.4168275398006,0.0,229,231
80.0,4620.0,-0.0003056325004763494,0.0,0.1,B229,2181.069464526384,0.0,230,232
80.0,4640.0,-0.0003075186284149823,0.0,0.1,B230,2181.7205655820458,0.0,231,233
80.0,4660.0,-0.0003064197566345683,0.0,0.1,B231,2182.370136507065,0.0,232,234
80.0,4680.0,-0.00030814017827651696,0.0,0.1,B232,2183.0181682850675,0.0,233,235
80.0,4700.0,-0.00030716458759343367,0.0,0.1,B233,2183.6646661022096,0.0,234,236
80.0,4720.0,-0.00030871844728608266,0.0,0.1,B234,2184.309621772787,0.0,235,237
80.0,4740.0,-0.0003078669657043065,0.0,0.1,B235,2184.953039864482,0.0,236,238
80.0,4760.0,-0.0003092535042014788,0.0,0.1,B236,2185.594913026298,0.0,237,239
80.0,4780.0,-0.00030852687395963583,0.0,0.1,B237,2186.2352452035148,0.0,238,240
80.0,4800.0,-0.00030974542914918857,0.0,0.1,B238,2186.874029883398,0.0,239,241
80.0,4820.0,-0.00030914430653865564,0.0,0.1,B239,2187.51127038533,0.0,240,242
80.0,4840.0,-0.0003101943137153284,0.0,0.1,B240,2188.1469610379054,0.0,241,243
80.0,4860.0,-0.00030971926844358677,0.0,0.1,B241,2188.781104531543,0.0,242,244
80.0,4880.0,-0.00031060026049090084,0.0,0.1,B242,2189.413696038745,0.0,243,245
80.0,4900.0,-0.000310251775681536,0.0,0.1,B243,2190.0447376183365,0.0,244,246
80.0,4920.0,-0.00031096338343559186,0.0,0.1,B244,2190.6742252888184,0.0,245,247
80.0,4940.0,-0.0003107418556282937,0.0,0.1,B245,2191.302160475222,0.0,246,248
80.0,4960.0,-0.00031128380787777133,0.0,0.1,B246,2191.9285400436474,0.0,247,249
80.0,4980.0,-0.00031118954593694075,0.0,0.1,B247,2192.553364783569,0.0,248,250
80.0,5000.0,-0.0003115616703325941,0.0,0.1,B248,2193.1766324097953,0.0,249,251
80.0,5020.0,-0.0003115948962658876,0.0,0.1,B249,2193.7983430749155,0.0,250,252
40.0,5040.0,-0.00031179711859294915,0.0,1.0,B250,2194.4184953430636,0.0,251,253
40.0,5060.0,-0.00031191659195428656,0.0,1.0,B251,2195.035529846898,0.0,252,254
40.0,5080.0,-0.00031202554473566126,0.0,1.0,B252,2195.6494452111147,0.0,253,255
40.0,5100.0,-0.0003121116234979127,0.0,1.0,B253,2196.260240377069,0.0,254,256
40.0,5120.0,-0.0003121769909284922,0.0,1.0,B254,2196.8679144785665,0.0,255,257
40.0,5140.0,-0.00031222132192851857,0.0,1.0,B255,2197.472466862746,0.0,256,258
40.0,5160.0,-0.00031224472199937737,0.0,1.0,B256,2198.073897086033,0.0,257,259
40.0,5180.0,-0.000312247225383544,0.0,1.0,B257,2198.6722049143423,0.0,258,260
40.0,5200.0,-0.0003122288822396513,0.0,1.0,B258,2199.2673903225136,0.0,259,261
40.0,5220.0,-0.00031218974281728147,0.0,1.0,B259,2199.859453493854,0.0,260,262
40.0,5240.0,-0.0003121298607766221,0.0,1.0,B260,2200.448394819622,0.0,261,263
40.0,5260.0,-0.0003120492923699203,0.0,1.0,B261,2201.0342148984982,0.0,262,264
40.0,5280.0,-0.00031194809630505913,0.0,1.0,B262,2201.61691453602,0.0,263,265
40.0,5300.0,-0.0003118263342457794,0.0,1.0,B263,2202.1964947439938,0.0,264,266
40.0,5320.0,-0.0003116840704024071,0.0,1.0,B264,2202.7729567398796,0.0,265,267
40.0,5340.0,-0.00031152137180470165,0.0,1.0,B265,2203.3463019461483,0.0,266,268
40.0,5360.0,-0.0003113383075287857,0.0,1.0,B266,2203.916531989613,0.0,267,269
40.0,5380.0,-0.00031113495037971006,0.0,1.0,B267,2204.4836487007346,0.0,268,270
40.0,5400.0,-0.0003109113743903435,0.0,1.0,B268,2205.0476541128996,0.0,269,271
40.0,5420.0,-0.00031066765745890734,0.0,1.0,B269,2205.608550461673,0.0,270,272
40.0,5440.0,-0.0003104038791661878,0.0,1.0,B270,2206.1663401840256,0.0,271,273
40.0,5460.0,-0.0003101201219578797,0.0,1.0,B271,2206.7210259175336,0.0,272,274
40.0,5480.0,-0.0003098164709626871,0.0,1.0,B272,2207.2726104995563,0.0,273,275
40.0,5500.0,-0.0003094930135375762,0.0,1.0,B273,2207.821096966385,0.0,274,276
40.0,5520.0,-0.00030914983963157286,0.0,1.0,B274,2208.3664885523704,0.0,275,277
40.0,5540.0,-0.0003087870418767125,0.0,1.0,B275,2208.908788689019,0.0,276,278
40.0,5560.0,-0.00030840471481496934,0.0,1.0,B276,2209.4480010040716,0.0,277,279
40.0,5580.0,-0.00030800295608059966,0.0,1.0,B277,2209.9841293205554,0.0,278,280
40.0,5600.0,-0.00030758186512684914,0.0,1.0,B278,2210.517177655809,0.0,279,281
40.0,5620.0,-0.000307141544044498,0.0,1.0,B279,2211.047150220487,0.0,280,282
40.0,5640.0,-0.00030668209728901275,0.0,1.0,B280,2211.574051417538,0.0,281,283
40.0,5660.0,-0.00030620363163507135,0.0,1.0,B281,2212.097885841164,0.0,282,284
40.0,5680.0,-0.0003057062559491897,0.0,1.0,B282,2212.618658275748,0.0,283,285
40.0,5700.0,-0.00030519008150804434,0.0,1.0,B283,2213.1363736947706,0.0,284,286
40.0,5720.0,-0.00030465522186204905,0.0,1.0,B284,2213.6510372596904,0.0,285,287
40.0,5740.0,-0.00030410179278987924,0.0,1.0,B285,2214.162654318815,0.0,286,288
40.0,5760.0,-0.00030352991188919987,0.0,1.0,B286,2214.671230406141,0.0,287,289
40.0,5780.0,-0.00030293969953163467,0.0,1.0,B287,2215.1767712401775,0.0,288,290
40.0,5800.0,-0.00030233127754399904,0.0,1.0,B288,2215.6792827227428,0.0,289,291
40.0,5820.0,-0.0003017047702542186,0.0,1.0,B289,2216.1787709377454,0.0,290,292
40.0,5840.0,-0.00030106030403658223,0.0,1.0,B290,2216.6752421499427,0.0,291,293
40.0,5860.0,-0.0003003980068115197,0.0,1.0,B291,2217.1687028036777,0.0,292,294
40.0,5880.0,-0.000299718009227945,0.0,1.0,B292,2217.659159521595,0.0,293,295
40.0,5900.0,-0.00029902044307164035,0.0,1.0,B293,2218.1466191033414,0.0,294,296
40.0,5920.0,-0.0002983054427659227,0.0,1.0,B294,2218.631088524243,0.0,295,297
40.0,5940.0,-0.00029757314405287616,0.0,1.0,B295,2219.1125749339626,0.0,296,298
40.0,5960.0,-0.0002968236848573724,0.0,1.0,B296,2219.5910856551427,0.0,297,299
40.0,5980.0,-0.00029605720474137345,0.0,1.0,B297,2220.0666281820268,0.0,298,300
40.0,6000.0,-0.00029527384499488106,0.0,1.0,B298,2220.5392101790626,0.0,299,301
40.0,6020.0,-0.0002944737488633109,0.0,1.0,B299,2221.0088394794893,0.0,300,302
40.0,6040.0,-0.00029365706095632046,0.0,1.0,B300,2221.475524083907,0.0,301,303
40.0,6060.0,-0.0002928239277935063,0.0,1.0,B301,2221.9392721588283,0.0,302,304
40.0,6080.0,-0.00029197449744060576,0.0,1.0,B302,2222.400092035214,0.0,303,305
40.0,6100.0,-0.00029110891937307316,0.0,1.0,B303,2222.8579922069953,0.0,304,306
40.0,6120.0,-0.0002902273447944026,0.0,1.0,B304,2223.3129813295736,0.0,305,307
40.0,6140.0,-0.00028932992627233033,0.0,1.0,B305,2223.7650682183144,0.0,306,308
40.0,6160.0,-0.0002884168180116831,0.0,1.0,B306,2224.2142618470166,0.0,307,309
40.0,6180.0,-0.0002874881751722569,0.0,1.0,B307,2224.660571346375,0.0,308,310
40.0,6200.0,-0.0002865441548692615,0.0,1.0,B308,2225.104006002425,0.0,309,311
40.0,6220.0,-0.00028558491521835094,0.0,1.0,B309,2225.5445752549754,0.0,310,312
40.0,6240.0,-0.0002846106154720474,0.0,1.0,B310,2225.9822886960237,0.0,311,313
40.0,6260.0,-0.00028362141633806457,0.0,1.0,B311,2226.4171560681652,0.0,312,314
40.0,6280.0,-0.0002826174798428838,0.0,1.0,B312,2226.8491872629875,0.0,313,315
40.0,6300.0,-0.0002815989687860565,0.0,1.0,B313,2227.278392319447,0.0,314,316
40.0,6320.0,-0.00028056604742232594,0.0,1.0,B314,2227.704781422245,0.0,315,317
40.0,6340.0,-0.0002795188805976068,0.0,1.0,B315,2228.128364900182,0.0,316,318
40.0,6360.0,-0.00027845763493132835,0.0,1.0,B316,2228.5491532245105,0.0,317,319
40.0,6380.0,-0.000277382477224819,0.0,1.0,B317,2228.9671570072696,0.0,318,320
40.0,6400.0,-0.0002762935757800733,0.0,1.0,B318,2229.382386999616,0.0,319,321
40.0,6420.0,-0.00027519109935383315,0.0,1.0,B319,2229.7948540901416,0.0,320,322
40.0,6440.0,-0.00027407521779423407,0.0,1.0,B320,2230.204569303187,0.0,321,323
40.0,6460.0,-0.0002729461016770074,0.0,1.0,B321,2230.6115437971403,0.0,322,324
40.0,6480.0,-0.00027180392230548024,0.0,1.0,B322,2231.0157888627355,0.0,323,325
40.0,6500.0,-0.0002706488518469996,0.0,1.0,B323,2231.417315921335,0.0,324,326
40.0,6520.0,-0.0002694810626508115,0.0,1.0,B324,2231.816136523213,0.0,325,327
40.0,6540.0,-0.0002683007282485051,0.0,1.0,B325,2232.2122623458276,0.0,326,328
40.0,6560.0,-0.0002671080223080935,0.0,1.0,B326,2232.6057051920884,0.0,327,329
40.0,6580.0,-0.00026590311931613543,0.0,1.0,B327,2232.9964769886187,0.0,328,330
40.0,6600.0,-0.0002646861939410883,0.0,1.0,B328,2233.384589784012,0.0,329,331
40.0,6620.0,-0.00026345742144258106,0.0,1.0,B329,2233.770055747084,0.0,330,332
40.0,6640.0,-0.0002622169773530913,0.0,1.0,B330,2234.15288716512,0.0,331,333
40.0,6660.0,-0.000260965037796268,0.0,1.0,B331,2234.533096442121,0.0,332,334
40.0,6680.0,-0.0002597017788048106,0.0,1.0,B332,2234.910696097043,0.0,333,335
40.0,6700.0,-0.00025842737677521653,0.0,1.0,B333,2235.2856987620344,0.0,334,336
40.0,6720.0,-0.0002571420085132559,0.0,1.0,B334,2235.658117180674,0.0,335,337
40.0,6740.0,-0.0002558458506427996,0.0,1.0,B335,2236.0279642062023,0.0,336,338
40.0,6760.0,-0.00025453907987866843,0.0,1.0,B336,2236.3952527997562,0.0,337,339
40.0,6780.0,-0.0002532218735723291,0.0,1.0,B337,2236.7599960286,0.0,338,340
40.0,6800.0,-0.00025189440807480426,0.0,1.0,B338,2237.1222070643566,0.0,339,341
40.0,6820.0,-0.0002505568608285103,0.0,1.0,B339,2237.4818991812363,0.0,340,342
40.0,6840.0,-0.0002492094080480456,0.0,1.0,B340,2237.8390857542718,0.0,341,343
40.0,6860.0,-0.0002478522267210792,0.0,1.0,B341,2238.1937802575485,0.0,342,344
40.0,6880.0,-0.0002464854932441085,0.0,1.0,B342,2238.545996262438,0.0,343,345
40.0,6900.0,-0.00024510938378625725,0.0,1.0,B343,2238.895747435835,0.0,344,346
40.0,6920.0,-0.0002437240743347502,0.0,1.0,B344,2239.2430475383944,0.0,345,347
40.0,6940.0,-0.000242329740558489,0.0,1.0,B345,2239.5879104227706,0.0,346,348
40.0,6960.0,-0.00024092655762615324,0.0,1.0,B346,2239.9303500318647,0.0,347,349
40.0,6980.0,-0.000239514700615473,0.0,1.0,B347,2240.2703803970676,0.0,348,350
40.0,7000.0,-0.00023809434383110782,0.0,1.0,B348,2240.6080156365138,0.0,349,351
40.0,7020.0,-0.0002366656611684448,0.0,1.0,B349,2240.9432699533363,0.0,350,352
40.0,7040.0,-0.00023522882606812344,0.0,1.0,B350,2241.2761576339285,0.0,351,353
40.0,7060.0,-0.00023378401137961192,0.0,1.0,B351,2241.6066930462084,0.0,352,354
40.0,7080.0,-0.00023233138931573195,0.0,1.0,B352,2241.9348906378937,0.0,353,355
40.0,7100.0,-0.00023087113122528534,0.0,1.0,B353,2242.2607649347756,0.0,354,356
40.0,7120.0,-0.00022940340827517502,0.0,1.0,B354,2242.584330539007,0.0,355,357
40.0,7140.0,-0.00022792839017711232,0.0,1.0,B355,2242.9056021273936,0.0,356,358
40.0,7160.0,-0.00022644624636996012,0.0,1.0,B356,2243.224594449693,0.0,357,359
40.0,7180.0,-0.00022495714538308678,0.0,1.0,B357,2243.5413223269215,0.0,358,360
40.0,7200.0,-0.00022346125469994147,0.0,1.0,B358,2243.8558006496705,0.0,359,361
40.0,7220.0,-0.00022195874089447898,0.0,1.0,B359,2244.1680443764308,0.0,360,362
40.0,7240.0,-0.00022044976990400755,0.0,1.0,B360,2244.4780685319242,0.0,361,363
40.0,7260.0,-0.00021893450621064404,0.0,1.0,B361,2244.7858882054506,0.0,362,364
40.0,7280.0,-0.0002174131137508084,0.0,1.0,B362,2245.091518549237,0.0,363,365
40.0,7300.0,-0.0002158857549147797,0.0,1.0,B363,2245.394974776802,0.0,364,366
40.0,7320.0,-0.00021435259131976636,0.0,1.0,B364,2245.6962721613295,0.0,365,367
40.0,7340.0,-0.00021281378344610856,0.0,1.0,B365,2245.9954260340546,0.0,366,368
40.0,7360.0,-0.00021126949018253073,0.0,1.0,B366,2246.2924517826586,0.0,367,369
40.0,7380.0,-0.00020971986996300984,0.0,1.0,B367,2246.587364849678,0.0,368,370
40.0,7400.0,-0.0002081650790387357,0.0,1.0,B368,2246.8801807309246,0.0,369,371
40.0,7420.0,-0.00020660527311520128,0.0,1.0,B369,2247.1709149739186,0.0,370,372
40.0,7440.0,-0.00020504060621533425,0.0,1.0,B370,2247.4595831763336,0.0,371,373
40.0,7460.0,-0.00020347123113424457,0.0,1.0,B371,2247.746200984457,0.0,372,374
40.0,7480.0,-0.00020189729921185062,0.0,1.0,B372,2248.030784091661,0.0,373,375
40.0,7500.0,-0.00020031896037835397,0.0,1.0,B373,2248.3133482368908,0.0,374,376
40.0,7520.0,-0.00019873636324518884,0.0,1.0,B374,2248.593909203162,0.0,375,377
40.0,7540.0,-0.00019714965469574963,0.0,1.0,B375,2248.8724828160794,0.0,376,378
40.0,7560.0,-0.00019555898015823916,0.0,1.0,B376,2249.149084942365,0.0,377,379
40.0,7580.0,-0.00019396448374209285,0.0,1.0,B377,2249.4237314884035,0.0,378,380
40.0,7600.0,-0.00019236630769228216,0.0,1.0,B378,2249.6964383988034,0.0,379,381
40.0,7620.0,-0.00019076459279858683,0.0,1.0,B379,2249.967221654974,0.0,380,382
40.0,7640.0,-0.00018915947825917103,0.0,1.0,B380,2250.2360972737156,0.0,381,383
40.0,7660.0,-0.0001875511014077347,0.0,1.0,B381,2250.50308130583,0.0,382,384
40.0,7680.0,-0.00018593959812278625,0.0,1.0,B382,2250.768189834747,0.0,383,385
40.0,7700.0,-0.00018432510241837008,0.0,1.0,B383,2251.0314389751634,0.0,384,386
40.0,7720.0,-0.0001827077465804905,0.0,1.0,B384,2251.292844871706,0.0,385,387
40.0,7740.0,-0.00018108766125806143,0.0,1.0,B385,2251.5524236976066,0.0,386,388
40.0,7760.0,-0.0001794649752355326,0.0,1.0,B386,2251.8101916533965,0.0,387,389
40.0,7780.0,-0.0001778398152509908,0.0,1.0,B387,2252.0661649656186,0.0,388,390
40.0,7800.0,-0.0001762123067237553,0.0,1.0,B388,2252.32035988556,0.0,389,391
40.0,7820.0,-0.00017458257275393407,0.0,1.0,B389,2252.572792687997,0.0,390,392
40.0,7840.0,-0.00017295073475906975,0.0,1.0,B390,2252.823479669967,0.0,391,393
40.0,7860.0,-0.00017131691215581667,0.0,1.0,B391,2253.072437149551,0.0,392,394
40.0,7880.0,-0.00016968122267826402,0.0,1.0,B392,2253.319681464681,0.0,393,395
40.0,7900.0,-0.00016804378183223891,0.0,1.0,B393,2253.565228971962,0.0,394,396
40.0,7920.0,-0.00016640470339552847,0.0,1.0,B394,2253.8090960455193,0.0,395,397
40.0,7940.0,-0.00016476409900860743,0.0,1.0,B395,2254.051299075857,0.0,396,398
40.0,7960.0,-0.00016312207840201153,0.0,1.0,B396,2254.291854468745,0.0,397,399
40.0,7980.0,-0.0001614787493508629,0.0,1.0,B397,2254.5307786441203,0.0,398,400
40.0,8000.0,-0.00015983421753844594,0.0,1.0,B398,2254.768088035009,0.0,399,401
40.0,8020.0,-0.00015818858660168189,0.0,1.0,B399,2255.0037990864703,0.0,400,402
40.0,8040.0,-0.00015654195822207838,0.0,1.0,B400,2255.2379282545594,0.0,401,403
40.0,8060.0,-0.00015489443180740638,0.0,1.0,B401,2255.470492005311,0.0,402,404
40.0,8080.0,-0.00015324610517382096,0.0,1.0,B402,2255.701506813745,0.0,403,405
40.0,8100.0,-0.0001515970734089933,0.0,1.0,B403,2255.93098916289,0.0,404,406
40.0,8120.0,-0.0001499474300089787,0.0,1.0,B404,2256.1589555428304,0.0,405,407
40.0,8140.0,-0.00014829726610514628,0.0,1.0,B405,2256.385422449772,0.0,406,408
40.0,8160.0,-0.000146646670964401,0.0,1.0,B406,2256.61040638513,0.0,407,409
40.0,8180.0,-0.0001449957314889616,0.0,1.0,B407,2256.8339238546396,0.0,408,410
40.0,8200.0,-0.00014334453239825962,0.0,1.0,B408,2257.0559913674833,0.0,409,411
40.0,8220.0,-0.00014169315672916128,0.0,1.0,B409,2257.2766254354447,0.0,410,412
40.0,8240.0,-0.0001400416849719477,0.0,1.0,B410,2257.495842572079,0.0,411,413
40.0,8260.0,-0.00013839019557053688,0.0,1.0,B411,2257.7136592919073,0.0,412,414
40.0,8280.0,-0.0001367387647405849,0.0,1.0,B412,2257.9300921096337,0.0,413,415
40.0,8300.0,-0.00013508746692423302,0.0,1.0,B413,2258.1451575393803,0.0,414,416
40.0,8320.0,-0.000133436373926088,0.0,1.0,B414,2258.358872093945,0.0,415,417
40.0,8340.0,-0.00013178555582271656,0.0,1.0,B415,2258.571252284084,0.0,416,418
40.0,8360.0,-0.00013013508009862562,0.0,1.0,B416,2258.7823146178084,0.0,417,419
40.0,8380.0,-0.00012848501255575682,0.0,1.0,B417,2258.992075599712,0.0,418,420
40.0,8400.0,-0.00012683541663136564,0.0,1.0,B418,2259.20055173031,0.0,419,421
40.0,8420.0,-0.0001251863535344455,0.0,1.0,B419,2259.40775950541,0.0,420,422
40.0,8440.0,-0.00012353788233667728,0.0,1.0,B420,2259.613715415495,0.0,421,423
40.0,8460.0,-0.00012189006015432824,0.0,1.0,B421,2259.8184359451343,0.0,422,424
40.0,8480.0,-0.00012024294192087836,0.0,1.0,B422,2260.021937572412,0.0,423,425
40.0,8500.0,-0.0001185965801596467,0.0,1.0,B423,2260.2242367683793,0.0,424,426
40.0,8520.0,-0.00011695102580233652,0.0,1.0,B424,2260.425349996526,0.0,425,427
40.0,8540.0,-0.00011530632705216703,0.0,1.0,B425,2260.6252937122763,0.0,426,428
40.0,8560.0,-0.00011366253042979224,0.0,1.0,B426,2260.824084362501,0.0,427,429
40.0,8580.0,-0.00011201968022760412,0.0,1.0,B427,2261.0217383850545,0.0,428,430
40.0,8600.0,-0.00011037781869163154,0.0,1.0,B428,2261.2182722083344,0.0,429,431
40.0,8620.0,-0.00010873698570321722,0.0,1.0,B429,2261.413702250856,0.0,430,432
40.0,8640.0,-0.00010709721955208807,0.0,1.0,B430,2261.608044920854,0.0,431,433
40.0,8660.0,-0.00010545855616328481,0.0,1.0,B431,2261.801316615899,0.0,432,434
40.0,8680.0,-0.0001038210294154851,0.0,1.0,B432,2261.993533722541,0.0,433,435
40.0,8700.0,-0.00010218467114100349,0.0,1.0,B433,2262.1847126159673,0.0,434,436
40.0,8720.0,-0.00010054951130769042,0.0,1.0,B434,2262.3748696596867,0.0,435,437
40.0,8740.0,-9.89155778370332e-05,0.0,1.0,B435,2262.5640212052267,0.0,436,438
40.0,8760.0,-9.728289633130771e-05,0.0,1.0,B436,2262.7521835918587,0.0,437,439
40.0,8780.0,-9.565149098307301e-05,0.0,1.0,B437,2262.9393731463365,0.0,438,440
40.0,8800.0,-9.402138357472722e-05,0.0,1.0,B438,2263.12560618266,0.0,439,441
40.0,8820.0,-9.239259397872957e-05,0.0,1.0,B439,2263.310899001853,0.0,440,442
40.0,8840.0,-9.076514061234775e-05,0.0,1.0,B440,2263.495267891766,0.0,441,443
40.0,8860.0,-8.913903911889065e-05,0.0,1.0,B441,2263.678729126893,0.0,442,444
40.0,8880.0,-8.751430418669771e-05,0.0,1.0,B442,2263.8612989682124,0.0,443,445
40.0,8900.0,-8.589094795752317e-05,0.0,1.0,B443,2264.042993663043,0.0,444,446
40.0,8920.0,-8.426898107245506e-05,0.0,1.0,B444,2264.2238294449207,0.0,445,447
40.0,8940.0,-8.264841221716779e-05,0.0,1.0,B445,2264.403822533493,0.0,446,448
40.0,8960.0,-8.102924834929581e-05,0.0,1.0,B446,2264.58298913443,0.0,447,449
40.0,8980.0,-7.941149442558526e-05,0.0,1.0,B447,2264.7613454393595,0.0,448,450
40.0,9000.0,-7.779515408401494e-05,0.0,1.0,B448,2264.9389076258103,0.0,449,451
40.0,9020.0,-7.61802286888269e-05,0.0,1.0,B449,2265.115691857183,0.0,450,452
40.0,9040.0,-7.456671828549588e-05,0.0,1.0,B450,2265.291714282731,0.0,451,453
40.0,9060.0,-7.295462110050721e-05,0.0,1.0,B451,2265.4669910375633,0.0,452,454
40.0,9080.0,-7.134393363230628e-05,0.0,1.0,B452,2265.6415382426603,0.0,453,455
40.0,9100.0,-6.973465087867226e-05,0.0,1.0,B453,2265.8153720049095,0.0,454,456
40.0,9120.0,-6.812676624576853e-05,0.0,1.0,B454,2265.988508417154,0.0,455,457
40.0,9140.0,-6.65202711843449e-05,0.0,1.0,B455,2266.1609635582627,0.0,456,458
40.0,9160.0,-6.491515623565646e-05,0.0,1.0,B456,2266.3327534932087,0.0,457,459
40.0,9180.0,-6.331140975817107e-05,0.0,1.0,B457,2266.5038942731717,0.0,458,460
40.0,9200.0,-6.170901915538706e-05,0.0,1.0,B458,2266.6744019356474,0.0,459,461
40.0,9220.0,-6.0107969920863974e-05,0.0,1.0,B459,2266.844292504578,0.0,460,462
40.0,9240.0,-5.850824645676767e-05,0.0,1.0,B460,2267.0135819904945,0.0,461,463
40.0,9260.0,-5.690983166459773e-05,0.0,1.0,B461,2267.1822863906755,0.0,462,464
40.0,9280.0,-5.531270676328859e-05,0.0,1.0,B462,2267.3504216893148,0.0,463,465
40.0,9300.0,-5.371685219870415e-05,0.0,1.0,B463,2267.5180038577105,0.0,464,466
40.0,9320.0,-5.2122246552244183e-05,0.0,1.0,B464,2267.685048854462,0.0,465,467
40.0,9340.0,-5.05288675412885e-05,0.0,1.0,B465,2267.8515726256815,0.0,466,468
40.0,9360.0,-4.8936691291601166e-05,0.0,1.0,B466,2268.0175911052183,0.0,467,469
40.0,9380.0,-4.734569292850211e-05,0.0,1.0,B467,2268.183120214898,0.0,468,470
40.0,9400.0,-4.5755846576867044e-05,0.0,1.0,B468,2268.348175864768,0.0,469,471
40.0,9420.0,-4.4167124633531786e-05,0.0,1.0,B469,2268.512773953362,0.0,470,472
40.0,9440.0,-4.257949894963531e-05,0.0,1.0,B470,2268.676930367968,0.0,471,473
40.0,9460.0,-4.0992940012074544e-05,0.0,1.0,B471,2268.840660984918,0.0,472,474
40.0,9480.0,-3.9407417398251715e-05,0.0,1.0,B472,2269.0039816698772,0.0,473,475
40.0,9500.0,-3.782289954870066e-05,0.0,1.0,B473,2269.1669082781505,0.0,474,476
40.0,9520.0,-3.6239354039935284e-05,0.0,1.0,B474,2269.329456654997,0.0,475,477
40.0,9540.0,-3.465674749350001e-05,0.0,1.0,B475,2269.4916426359564,0.0,476,478
40.0,9560.0,-3.3075045485020384e-05,0.0,1.0,B476,2269.653482047179,0.0,477,479
40.0,9580.0,-3.149421313537459e-05,0.0,1.0,B477,2269.8149907057727,0.0,478,480
40.0,9600.0,-2.9914214201198772e-05,0.0,1.0,B478,2269.9761844201516,0.0,479,481
40.0,9620.0,-2.8335012029856443e-05,0.0,1.0,B479,2270.1370789903967,0.0,480,482
40.0,9640.0,-2.6756569059216415e-05,0.0,1.0,B480,2270.2976902086234,0.0,481,483
40.0,9660.0,-2.5178847135975956e-05,0.0,1.0,B481,2270.458033859357,0.0,482,484
40.0,9680.0,-2.3601807242812356e-05,0.0,1.0,B482,2270.618125719914,0.0,483,485
40.0,9700.0,-2.2025409998605026e-05,0.0,1.0,B483,2270.777981560792,0.0,484,486
40.0,9720.0,-2.0449615158213418e-05,0.0,1.0,B484,2270.937617146064,0.0,485,487
40.0,9740.0,-1.8874381976274893e-05,0.0,1.0,B485,2271.0970482337802,0.0,486,488
40.0,9760.0,-1.7299669480053126e-05,0.0,1.0,B486,2271.256290576375,0.0,487,489
40.0,9780.0,-1.572543560541817e-05,0.0,1.0,B487,2271.4153599210786,0.0,488,490
40.0,9800.0,-1.415163869751268e-05,0.0,1.0,B488,2271.5742720103335,0.0,489,491
40.0,9820.0,-1.2578235782712e-05,0.0,1.0,B489,2271.7330425822165,0.0,490,492
40.0,9840.0,-1.1005184296664085e-05,0.0,1.0,B490,2271.8916873708627,0.0,491,493
40.0,9860.0,-9.432440810996922e-06,0.0,1.0,B491,2272.0502221068964,0.0,492,494
40.0,9880.0,-7.859962033762713e-06,0.0,1.0,B492,2272.2086625178604,0.0,493,495
40.0,9900.0,-6.287704036367359e-06,0.0,1.0,B493,2272.3670243286515,0.0,494,496
40.0,9920.0,-4.715622935691499e-06,0.0,1.0,B494,2272.5253232619607,0.0,495,497
40.0,9940.0,-3.143674803141039e-06,0.0,1.0,B495,2272.6835750387077,0.0,496,498
40.0,9960.0,-1.5718152098997963e-06,0.0,1.0,B496,2272.8417953784856,0.0,497,499
0.0,9980.0,0.0,0.0,boundary,C499,2273.0,0.0,498,500
0.0,10000.0,0.0,0.0,boundary,C500,2273.0,0.0,499,0
